features,labels
2020_02_17-00_00_08_49f948970.jpg,0
2020_02_17-00_00_08_50f318620.jpg,0
2020_02_17-00_00_08_50f723961.jpg,0
2020_02_17-00_00_08_51f124896.jpg,0
2020_02_17-00_00_08_51f527515.jpg,0
2020_02_17-00_00_08_51f935872.jpg,0
2020_02_17-00_00_08_52f354994.jpg,0
2020_02_17-00_00_08_52f719376.jpg,0
2020_02_17-00_00_08_53f130686.jpg,0
2020_02_17-00_00_08_53f550804.jpg,0
2020_02_17-00_00_08_53f927583.jpg,0
2020_02_17-00_00_08_54f348319.jpg,0
2020_02_17-00_00_08_54f734328.jpg,0
2020_02_17-00_00_08_55f139777.jpg,0
2020_02_17-00_00_08_55f518988.jpg,0
2020_02_17-00_00_08_56f026984.jpg,0
2020_02_17-00_00_08_56f363180.jpg,0
2020_02_17-00_00_08_56f721129.jpg,0
2020_02_17-00_00_08_57f126401.jpg,0
2020_02_17-00_00_08_57f535239.jpg,0
2020_02_17-00_00_08_57f919588.jpg,0
2020_02_17-00_00_08_58f358549.jpg,0
2020_02_17-00_00_08_58f724754.jpg,0
2020_02_17-00_00_08_59f112841.jpg,0
2020_02_17-00_00_08_59f544022.jpg,0
2020_02_17-00_00_08_59f917399.jpg,0
2020_02_17-00_00_09_00f322658.jpg,0
2020_02_17-00_00_09_00f722972.jpg,0
2020_02_17-00_00_09_01f134306.jpg,0
2020_02_17-00_00_09_01f521306.jpg,0
2020_02_17-00_00_09_01f918063.jpg,0
2020_02_17-00_00_09_02f347819.jpg,0
2020_02_17-00_00_09_02f725732.jpg,0
2020_02_17-00_00_09_03f124868.jpg,0
2020_02_17-00_00_09_03f526768.jpg,0
2020_02_17-00_00_09_03f939175.jpg,0
2020_02_17-00_00_09_04f315710.jpg,0
2020_02_17-00_00_09_04f718794.jpg,0
2020_02_17-00_00_09_05f125240.jpg,0
2020_02_17-00_00_09_05f527765.jpg,0
2020_02_17-00_00_09_05f916688.jpg,0
2020_02_17-00_00_09_06f316449.jpg,0
2020_02_17-00_00_09_06f714625.jpg,0
2020_02_17-00_00_09_07f146692.jpg,0
2020_02_17-00_00_09_07f536333.jpg,2
2020_02_17-00_00_09_07f935112.jpg,2
2020_02_17-00_00_09_08f335981.jpg,2
2020_02_17-00_00_09_08f735212.jpg,2
2020_02_17-00_00_09_09f154744.jpg,2
2020_02_17-00_00_09_09f526228.jpg,2
2020_02_17-00_00_09_09f925716.jpg,2
2020_02_17-00_00_09_10f326666.jpg,2
2020_02_17-00_00_09_10f729895.jpg,2
2020_02_17-00_00_09_11f129625.jpg,2
2020_02_17-00_00_09_11f524071.jpg,2
2020_02_17-00_00_09_11f914684.jpg,2
2020_02_17-00_00_09_12f344944.jpg,2
2020_02_17-00_00_09_12f748672.jpg,2
2020_02_17-00_00_09_13f116797.jpg,2
2020_02_17-00_00_09_13f549896.jpg,2
2020_02_17-00_00_09_13f936798.jpg,2
2020_02_17-00_00_09_14f355189.jpg,2
2020_02_17-00_00_09_14f739108.jpg,2
2020_02_17-00_00_09_15f136375.jpg,2
2020_02_17-00_00_09_15f527725.jpg,2
2020_02_17-00_00_09_15f919434.jpg,2
2020_02_17-00_00_09_16f320417.jpg,2
2020_02_17-00_00_09_16f735447.jpg,2
2020_02_17-00_00_09_17f138568.jpg,2
2020_02_17-00_00_09_17f508616.jpg,2
2020_02_17-00_00_09_17f924801.jpg,2
2020_02_17-00_00_09_18f309041.jpg,2
2020_02_17-00_00_09_18f736235.jpg,2
2020_02_17-00_00_09_19f107751.jpg,2
2020_02_17-00_00_09_19f536112.jpg,2
2020_02_17-00_00_09_19f910281.jpg,2
2020_02_17-00_00_09_20f330961.jpg,2
2020_02_17-00_00_09_20f718264.jpg,2
2020_02_17-00_00_09_21f125175.jpg,2
2020_02_17-00_00_09_21f535978.jpg,2
2020_02_17-00_00_09_21f934073.jpg,2
2020_02_17-00_00_09_22f316689.jpg,2
2020_02_17-00_00_09_22f733665.jpg,1
2020_02_17-00_00_09_23f129689.jpg,1
2020_02_17-00_00_09_23f527753.jpg,1
2020_02_17-00_00_09_23f931332.jpg,1
2020_02_17-00_00_09_24f309645.jpg,1
2020_02_17-00_00_09_24f712728.jpg,1
2020_02_17-00_00_09_25f109014.jpg,1
2020_02_17-00_00_09_25f502519.jpg,1
2020_02_17-00_00_09_25f932126.jpg,1
2020_02_17-00_00_09_26f311326.jpg,1
2020_02_17-00_00_09_26f770486.jpg,0
2020_02_17-00_00_09_27f115169.jpg,0
2020_02_17-00_00_09_27f535067.jpg,0
2020_02_17-00_00_09_27f937320.jpg,0
2020_02_17-00_00_09_28f319679.jpg,0
2020_02_17-00_00_09_28f719771.jpg,0
2020_02_17-00_00_09_29f146438.jpg,0
2020_02_17-00_00_09_29f520526.jpg,0
2020_02_17-00_00_09_29f938362.jpg,0
2020_02_17-00_00_09_30f339957.jpg,0
2020_02_17-00_00_09_30f738513.jpg,0
2020_02_17-00_00_09_31f138399.jpg,0
2020_02_17-00_00_09_31f507740.jpg,0
2020_02_17-00_00_09_31f931615.jpg,0
2020_02_17-00_00_09_32f322045.jpg,0
2020_02_17-00_00_09_32f725168.jpg,0
2020_02_17-00_00_09_33f138822.jpg,0
2020_02_17-00_00_09_33f511431.jpg,0
2020_02_17-00_00_09_33f931577.jpg,0
2020_02_17-00_00_09_34f339662.jpg,0
2020_02_17-00_00_09_34f738255.jpg,0
2020_02_17-00_00_09_35f135401.jpg,0
2020_02_17-00_00_09_35f531323.jpg,0
2020_02_17-00_00_09_35f941350.jpg,0
2020_02_17-00_00_09_36f342090.jpg,0
2020_02_17-00_00_09_36f742650.jpg,0
2020_02_17-00_00_09_37f130239.jpg,0
2020_02_17-00_00_09_37f531070.jpg,0
2020_02_17-00_00_09_37f908209.jpg,0
2020_02_17-00_00_09_38f317247.jpg,0
2020_02_17-00_00_09_38f739676.jpg,0
2020_02_17-00_00_09_39f128772.jpg,0
2020_02_17-00_00_09_39f529709.jpg,0
2020_02_17-00_00_09_39f914334.jpg,0
2020_02_17-00_00_09_40f324550.jpg,0
2020_02_17-00_00_09_40f751760.jpg,0
2020_02_17-00_00_09_41f115431.jpg,0
2020_02_17-00_00_09_41f523408.jpg,0
2020_02_17-00_00_09_41f926275.jpg,0
2020_02_17-00_00_09_42f313699.jpg,0
2020_02_17-00_00_09_42f743006.jpg,0
2020_02_17-00_00_09_43f120364.jpg,0
2020_02_17-00_00_09_43f531185.jpg,0
2020_02_17-00_00_09_43f938503.jpg,0
2020_02_17-00_00_09_44f336900.jpg,0
2020_02_17-00_00_09_44f736754.jpg,0
2020_02_17-00_00_09_45f128878.jpg,0
2020_02_17-00_00_09_45f527809.jpg,0
2020_02_17-00_00_09_45f953859.jpg,2
2020_02_17-00_00_09_46f310504.jpg,2
2020_02_17-00_00_09_46f749248.jpg,2
2020_02_17-00_00_09_47f139938.jpg,2
2020_02_17-00_00_09_47f514439.jpg,2
2020_02_17-00_00_09_47f907949.jpg,2
2020_02_17-00_00_09_48f313835.jpg,2
2020_02_17-00_00_09_48f716316.jpg,2
2020_02_17-00_00_09_49f131008.jpg,2
2020_02_17-00_00_09_49f525235.jpg,2
2020_02_17-00_00_09_49f919064.jpg,2
2020_02_17-00_00_09_50f349318.jpg,2
2020_02_17-00_00_09_50f707663.jpg,2
2020_02_17-00_00_09_51f131361.jpg,2
2020_02_17-00_00_09_51f547625.jpg,2
2020_02_17-00_00_09_51f911404.jpg,2
2020_02_17-00_00_09_52f311557.jpg,2
2020_02_17-00_00_09_52f720284.jpg,2
2020_02_17-00_00_09_53f155556.jpg,2
2020_02_17-00_00_09_53f534252.jpg,2
2020_02_17-00_00_09_53f935997.jpg,2
2020_02_17-00_00_09_54f344671.jpg,2
2020_02_17-00_00_09_54f724235.jpg,2
2020_02_17-00_00_09_55f147644.jpg,2
2020_02_17-00_00_09_55f541085.jpg,2
2020_02_17-00_00_09_55f932159.jpg,2
2020_02_17-00_00_09_56f323533.jpg,2
2020_02_17-00_00_09_56f749810.jpg,2
2020_02_17-00_00_09_57f117311.jpg,2
2020_02_17-00_00_09_57f516774.jpg,2
2020_02_17-00_00_09_57f926188.jpg,2
2020_02_17-00_00_09_58f312609.jpg,2
2020_02_17-00_00_09_58f748885.jpg,2
2020_02_17-00_00_09_59f130255.jpg,2
2020_02_17-00_00_09_59f512770.jpg,2
2020_02_17-00_00_09_59f926797.jpg,2
2020_02_17-00_00_10_00f337242.jpg,2
2020_02_17-00_00_10_00f722303.jpg,2
2020_02_17-00_00_10_01f109896.jpg,1
2020_02_17-00_00_10_01f539957.jpg,1
2020_02_17-00_00_10_01f915437.jpg,1
2020_02_17-00_00_10_02f329485.jpg,1
2020_02_17-00_00_10_02f727068.jpg,1
2020_02_17-00_00_10_03f143318.jpg,1
2020_02_17-00_00_10_03f528992.jpg,1
2020_02_17-00_00_10_03f935015.jpg,1
2020_02_17-00_00_10_04f339438.jpg,1
2020_02_17-00_00_10_04f722418.jpg,1
2020_02_17-00_00_10_07f649756.jpg,1
2020_02_17-00_00_10_07f916372.jpg,0
2020_02_17-00_00_10_08f270457.jpg,0
2020_02_17-00_00_10_08f650475.jpg,0
2020_02_17-00_00_10_09f068456.jpg,0
2020_02_17-00_00_10_09f464141.jpg,0
2020_02_17-00_00_10_09f840839.jpg,0
2020_02_17-00_00_10_10f247823.jpg,0
2020_02_17-00_00_10_10f642605.jpg,0
2020_02_17-00_00_10_11f052766.jpg,0
2020_02_17-00_00_10_11f484346.jpg,0
2020_02_17-00_00_10_11f879915.jpg,0
2020_02_17-00_00_10_12f280817.jpg,0
2020_02_17-00_00_10_12f686392.jpg,0
2020_02_17-00_00_10_13f075599.jpg,0
2020_02_17-00_00_10_13f485620.jpg,0
2020_02_17-00_00_10_13f832037.jpg,0
2020_02_17-00_00_10_14f243382.jpg,0
2020_02_17-00_00_10_14f682412.jpg,0
2020_02_17-00_00_10_15f070435.jpg,0
2020_02_17-00_00_10_15f475207.jpg,0
2020_02_17-00_00_10_15f875579.jpg,0
2020_02_17-00_00_10_16f274745.jpg,0
2020_02_17-00_00_10_16f669952.jpg,0
2020_02_17-00_00_10_17f050394.jpg,0
2020_02_17-00_00_10_17f447931.jpg,0
2020_02_17-00_00_10_17f837519.jpg,0
2020_02_17-00_00_10_18f249746.jpg,0
2020_02_17-00_00_10_18f666280.jpg,0
2020_02_17-00_00_10_19f087767.jpg,0
2020_02_17-00_00_10_19f446751.jpg,0
2020_02_17-00_00_10_19f868134.jpg,0
2020_02_17-00_00_10_20f290201.jpg,0
2020_02_17-00_00_10_20f676755.jpg,0
2020_02_17-00_00_10_21f066570.jpg,0
2020_02_17-00_00_10_21f455094.jpg,0
2020_02_17-00_00_10_21f860883.jpg,0
2020_02_17-00_00_10_22f254539.jpg,0
2020_02_17-00_00_10_22f698388.jpg,0
2020_02_17-00_00_10_23f074858.jpg,0
2020_02_17-00_00_10_23f447719.jpg,0
2020_02_17-00_00_10_23f843178.jpg,0
2020_02_17-00_00_10_24f244353.jpg,0
2020_02_17-00_00_10_24f668414.jpg,0
2020_02_17-00_00_10_25f053633.jpg,0
2020_02_17-00_00_10_25f460161.jpg,0
2020_02_17-00_00_10_25f856961.jpg,0
2020_02_17-00_00_10_26f259123.jpg,0
2020_02_17-00_00_10_26f640231.jpg,0
2020_02_17-00_00_10_27f078194.jpg,0
2020_02_17-00_00_10_27f518883.jpg,2
2020_02_17-00_00_10_27f878968.jpg,2
2020_02_17-00_00_10_28f236275.jpg,2
2020_02_17-00_00_10_28f654210.jpg,2
2020_02_17-00_00_10_29f027064.jpg,2
2020_02_17-00_00_10_29f492551.jpg,2
2020_02_17-00_00_10_29f856945.jpg,2
2020_02_17-00_00_10_30f232992.jpg,2
2020_02_17-00_00_10_30f648707.jpg,2
2020_02_17-00_00_10_31f077210.jpg,2
2020_02_17-00_00_10_31f486245.jpg,2
2020_02_17-00_00_10_31f845292.jpg,2
2020_02_17-00_00_10_32f259813.jpg,2
2020_02_17-00_00_10_32f638381.jpg,2
2020_02_17-00_00_10_33f074476.jpg,2
2020_02_17-00_00_10_33f435043.jpg,2
2020_02_17-00_00_10_33f893117.jpg,2
2020_02_17-00_00_10_34f226205.jpg,2
2020_02_17-00_00_10_34f672310.jpg,2
2020_02_17-00_00_10_35f070101.jpg,2
2020_02_17-00_00_10_35f458919.jpg,2
2020_02_17-00_00_10_35f857838.jpg,2
2020_02_17-00_00_10_36f275593.jpg,2
2020_02_17-00_00_10_36f637467.jpg,2
2020_02_17-00_00_10_37f023250.jpg,2
2020_02_17-00_00_10_37f457539.jpg,2
2020_02_17-00_00_10_37f871837.jpg,2
2020_02_17-00_00_10_38f234303.jpg,2
2020_02_17-00_00_10_38f642429.jpg,2
2020_02_17-00_00_10_39f068952.jpg,2
2020_02_17-00_00_10_39f449781.jpg,2
2020_02_17-00_00_10_39f881626.jpg,2
2020_02_17-00_00_10_40f269767.jpg,2
2020_02_17-00_00_10_40f667550.jpg,2
2020_02_17-00_00_10_41f077090.jpg,2
2020_02_17-00_00_10_41f468598.jpg,2
2020_02_17-00_00_10_41f891656.jpg,2
2020_02_17-00_00_10_42f294121.jpg,1
2020_02_17-00_00_10_42f660890.jpg,1
2020_02_17-00_00_10_43f064668.jpg,1
2020_02_17-00_00_10_43f469936.jpg,1
2020_02_17-00_00_10_43f881748.jpg,1
2020_02_17-00_00_10_44f259052.jpg,1
2020_02_17-00_00_10_44f676863.jpg,1
2020_02_17-00_00_10_45f062320.jpg,1
2020_02_17-00_00_10_45f468153.jpg,1
2020_02_17-00_00_10_45f875902.jpg,1
2020_02_17-00_00_10_46f255672.jpg,0
2020_02_17-00_00_10_46f677438.jpg,0
2020_02_17-00_00_10_47f079906.jpg,0
2020_02_17-00_00_10_47f460852.jpg,0
2020_02_17-00_00_10_47f833951.jpg,0
2020_02_17-00_00_10_48f241327.jpg,0
2020_02_17-00_00_10_48f666985.jpg,0
2020_02_17-00_00_10_49f065873.jpg,0
2020_02_17-00_00_10_49f447515.jpg,0
2020_02_17-00_00_10_49f851777.jpg,0
2020_02_17-00_00_10_50f280021.jpg,0
2020_02_17-00_00_10_50f642820.jpg,0
2020_02_17-00_00_10_51f080120.jpg,0
2020_02_17-00_00_10_51f475023.jpg,0
2020_02_17-00_00_10_51f874888.jpg,0
2020_02_17-00_00_10_52f250921.jpg,0
2020_02_17-00_00_10_52f673530.jpg,0
2020_02_17-00_00_10_53f067943.jpg,0
2020_02_17-00_00_10_53f415757.jpg,0
2020_02_17-00_00_10_53f864395.jpg,0
2020_02_17-00_00_10_54f279579.jpg,0
2020_02_17-00_00_10_54f689041.jpg,0
2020_02_17-00_00_10_55f078580.jpg,0
2020_02_17-00_00_10_55f422716.jpg,0
2020_02_17-00_00_10_55f860984.jpg,0
2020_02_17-00_00_10_56f279083.jpg,0
2020_02_17-00_00_10_56f698796.jpg,0
2020_02_17-00_00_10_57f085970.jpg,0
2020_02_17-00_00_10_57f478154.jpg,0
2020_02_17-00_00_10_57f880844.jpg,0
2020_02_17-00_00_10_58f240062.jpg,0
2020_02_17-00_00_10_58f680432.jpg,0
2020_02_17-00_00_10_59f075688.jpg,0
2020_02_17-00_00_10_59f463702.jpg,0
2020_02_17-00_00_10_59f838204.jpg,0
2020_02_17-00_00_11_00f266910.jpg,0
2020_02_17-00_00_11_00f671141.jpg,0
2020_02_17-00_00_11_01f079202.jpg,0
2020_02_17-00_00_11_01f452152.jpg,0
2020_02_17-00_00_11_01f843418.jpg,0
2020_02_17-00_00_11_02f240994.jpg,0
2020_02_17-00_00_11_02f634795.jpg,0
2020_02_17-00_00_11_03f043506.jpg,0
2020_02_17-00_00_11_03f461435.jpg,0
2020_02_17-00_00_11_03f866799.jpg,0
2020_02_17-00_00_11_04f249916.jpg,0
2020_02_17-00_00_11_04f681396.jpg,0
2020_02_17-00_00_11_05f057833.jpg,0
2020_02_17-00_00_11_05f473580.jpg,0
2020_02_17-00_00_11_05f874672.jpg,2
2020_02_17-00_00_11_06f274042.jpg,2
2020_02_17-00_00_11_06f658808.jpg,2
2020_02_17-00_00_11_07f071132.jpg,2
2020_02_17-00_00_11_07f429125.jpg,2
2020_02_17-00_00_11_07f820383.jpg,2
2020_02_17-00_00_11_08f237795.jpg,2
2020_02_17-00_00_11_08f644303.jpg,2
2020_02_17-00_00_11_09f059315.jpg,2
2020_02_17-00_00_11_09f477876.jpg,2
2020_02_17-00_00_11_09f845392.jpg,2
2020_02_17-00_00_11_10f222856.jpg,2
2020_02_17-00_00_11_10f636175.jpg,2
2020_02_17-00_00_11_11f059724.jpg,2
2020_02_17-00_00_11_11f447486.jpg,2
2020_02_17-00_00_11_11f877770.jpg,2
2020_02_17-00_00_11_12f277565.jpg,2
2020_02_17-00_00_11_12f671060.jpg,2
2020_02_17-00_00_11_13f039816.jpg,2
2020_02_17-00_00_11_13f439863.jpg,2
2020_02_17-00_00_11_13f872211.jpg,2
2020_02_17-00_00_11_14f258189.jpg,2
2020_02_17-00_00_11_14f673419.jpg,2
2020_02_17-00_00_11_15f015160.jpg,2
2020_02_17-00_00_11_15f477388.jpg,2
2020_02_17-00_00_11_15f878632.jpg,2
2020_02_17-00_00_11_16f272233.jpg,2
2020_02_17-00_00_11_16f674544.jpg,2
2020_02_17-00_00_11_17f072294.jpg,2
2020_02_17-00_00_11_17f439957.jpg,2
2020_02_17-00_00_11_17f870031.jpg,2
2020_02_17-00_00_11_18f271595.jpg,2
2020_02_17-00_00_11_18f612037.jpg,2
2020_02_17-00_00_11_19f042127.jpg,2
2020_02_17-00_00_11_19f456941.jpg,2
2020_02_17-00_00_11_19f859452.jpg,2
2020_02_17-00_00_11_20f264902.jpg,2
2020_02_17-00_00_11_20f647250.jpg,2
2020_02_17-00_00_11_21f062105.jpg,1
2020_02_17-00_00_11_21f460627.jpg,1
2020_02_17-00_00_11_21f855174.jpg,1
2020_02_17-00_00_11_22f257006.jpg,1
2020_02_17-00_00_11_22f647025.jpg,1
2020_02_17-00_00_11_23f021649.jpg,1
2020_02_17-00_00_11_23f433374.jpg,1
2020_02_17-00_00_11_23f828127.jpg,1
2020_02_17-00_00_11_24f229420.jpg,1
2020_02_17-00_00_11_24f614853.jpg,1
2020_02_17-00_00_11_25f067820.jpg,0
2020_02_17-00_00_11_25f467186.jpg,0
2020_02_17-00_00_11_25f814289.jpg,0
2020_02_17-00_00_11_26f254786.jpg,0
2020_02_17-00_00_11_26f640260.jpg,0
2020_02_17-00_00_11_27f042924.jpg,0
2020_02_17-00_00_11_27f420683.jpg,0
2020_02_17-00_00_11_27f869854.jpg,0
2020_02_17-00_00_11_28f233549.jpg,0
2020_02_17-00_00_11_28f666949.jpg,0
2020_02_17-00_00_11_29f034969.jpg,0
2020_02_17-00_00_11_29f431151.jpg,0
2020_02_17-00_00_11_29f816848.jpg,0
2020_02_17-00_00_11_30f229300.jpg,0
2020_02_17-00_00_11_30f639229.jpg,0
2020_02_17-00_00_11_31f041189.jpg,0
2020_02_17-00_00_11_31f456977.jpg,0
2020_02_17-00_00_11_31f832029.jpg,0
2020_02_17-00_00_11_32f265395.jpg,0
2020_02_17-00_00_11_32f664708.jpg,0
2020_02_17-00_00_11_33f040771.jpg,0
2020_02_17-00_00_11_33f437820.jpg,0
2020_02_17-00_00_11_33f862398.jpg,0
2020_02_17-00_00_11_34f248655.jpg,0
2020_02_17-00_00_11_34f642293.jpg,0
2020_02_17-00_00_11_35f039461.jpg,0
2020_02_17-00_00_11_35f447942.jpg,0
2020_02_17-00_00_11_35f877035.jpg,0
2020_02_17-00_00_11_36f272201.jpg,0
2020_02_17-00_00_11_36f666582.jpg,0
2020_02_17-00_00_11_37f037782.jpg,0
2020_02_17-00_00_11_37f445658.jpg,0
2020_02_17-00_00_11_37f839152.jpg,0
2020_02_17-00_00_11_38f253043.jpg,0
2020_02_17-00_00_11_38f636440.jpg,0
2020_02_17-00_00_11_39f073163.jpg,0
2020_02_17-00_00_11_39f440459.jpg,0
2020_02_17-00_00_11_39f837018.jpg,0
2020_02_17-00_00_11_40f273174.jpg,0
2020_02_17-00_00_11_40f657209.jpg,0
2020_02_17-00_00_11_41f042225.jpg,0
2020_02_17-00_00_11_41f436665.jpg,0
2020_02_17-00_00_11_41f843930.jpg,0
2020_02_17-00_00_11_42f239481.jpg,0
2020_02_17-00_00_11_42f674847.jpg,0
2020_02_17-00_00_11_43f076685.jpg,0
2020_02_17-00_00_11_43f464172.jpg,0
2020_02_17-00_00_11_43f898898.jpg,0
2020_02_17-00_00_11_44f242561.jpg,0
2020_02_17-00_00_11_44f671958.jpg,2
2020_02_17-00_00_11_45f041750.jpg,2
2020_02_17-00_00_11_45f481158.jpg,2
2020_02_17-00_00_11_45f853896.jpg,2
2020_02_17-00_00_11_46f219117.jpg,2
2020_02_17-00_00_11_46f649855.jpg,2
2020_02_17-00_00_11_47f039729.jpg,2
2020_02_17-00_00_11_47f438817.jpg,2
2020_02_17-00_00_11_47f855491.jpg,2
2020_02_17-00_00_11_48f241514.jpg,2
2020_02_17-00_00_11_48f658462.jpg,2
2020_02_17-00_00_11_49f073776.jpg,2
2020_02_17-00_00_11_49f420380.jpg,2
2020_02_17-00_00_11_49f850326.jpg,2
2020_02_17-00_00_11_50f267575.jpg,2
2020_02_17-00_00_11_50f618805.jpg,2
2020_02_17-00_00_11_51f022351.jpg,2
2020_02_17-00_00_11_51f437724.jpg,2
2020_02_17-00_00_11_51f872297.jpg,2
2020_02_17-00_00_11_52f270194.jpg,2
2020_02_17-00_00_11_52f627977.jpg,2
2020_02_17-00_00_11_53f061067.jpg,2
2020_02_17-00_00_11_53f467431.jpg,2
2020_02_17-00_00_11_53f810577.jpg,2
2020_02_17-00_00_11_54f228110.jpg,2
2020_02_17-00_00_11_54f642339.jpg,2
2020_02_17-00_00_11_55f041301.jpg,2
2020_02_17-00_00_11_55f450172.jpg,2
2020_02_17-00_00_11_55f845972.jpg,2
2020_02_17-00_00_11_56f254894.jpg,2
2020_02_17-00_00_11_56f629950.jpg,2
2020_02_17-00_00_11_57f041075.jpg,2
2020_02_17-00_00_11_57f476319.jpg,2
2020_02_17-00_00_11_57f827843.jpg,2
2020_02_17-00_00_11_58f233878.jpg,2
2020_02_17-00_00_11_58f671033.jpg,2
2020_02_17-00_00_11_59f081394.jpg,2
2020_02_17-00_00_11_59f435773.jpg,1
2020_02_17-00_00_11_59f842451.jpg,1
2020_02_17-00_00_12_00f416255.jpg,1
2020_02_17-00_00_12_00f663457.jpg,1
2020_02_17-00_00_12_01f046622.jpg,1
2020_02_17-00_00_12_01f470633.jpg,1
2020_02_17-00_00_12_01f873472.jpg,1
2020_02_17-00_00_12_02f274113.jpg,1
2020_02_17-00_00_12_02f670919.jpg,1
2020_02_17-00_00_12_03f068840.jpg,1
2020_02_17-00_00_12_03f475044.jpg,0
2020_02_17-00_00_12_03f859313.jpg,0
2020_02_17-00_00_12_04f237711.jpg,0
2020_02_17-00_00_12_04f667258.jpg,0
2020_02_17-00_00_12_05f057573.jpg,0
2020_02_17-00_00_12_05f469768.jpg,0
2020_02_17-00_00_12_05f819767.jpg,0
2020_02_17-00_00_12_06f244393.jpg,0
2020_02_17-00_00_12_06f671064.jpg,0
2020_02_17-00_00_12_07f041690.jpg,0
2020_02_17-00_00_12_07f470950.jpg,0
2020_02_17-00_00_12_07f871895.jpg,0
2020_02_17-00_00_12_08f283233.jpg,0
2020_02_17-00_00_12_08f675107.jpg,0
2020_02_17-00_00_12_09f026630.jpg,0
2020_02_17-00_00_12_09f435995.jpg,0
2020_02_17-00_00_12_09f844722.jpg,0
2020_02_17-00_00_12_10f248899.jpg,0
2020_02_17-00_00_12_10f634935.jpg,0
2020_02_17-00_00_12_11f075096.jpg,0
2020_02_17-00_00_12_11f446817.jpg,0
2020_02_17-00_00_12_11f827989.jpg,0
2020_02_17-00_00_12_12f267964.jpg,0
2020_02_17-00_00_12_12f642153.jpg,0
2020_02_17-00_00_12_13f044887.jpg,0
2020_02_17-00_00_12_13f473254.jpg,0
2020_02_17-00_00_12_13f871714.jpg,0
2020_02_17-00_00_12_14f222313.jpg,0
2020_02_17-00_00_12_14f669876.jpg,0
2020_02_17-00_00_12_15f091143.jpg,0
2020_02_17-00_00_12_15f473475.jpg,0
2020_02_17-00_00_12_15f864781.jpg,0
2020_02_17-00_00_12_16f269309.jpg,0
2020_02_17-00_00_12_16f670563.jpg,0
2020_02_17-00_00_12_17f064970.jpg,0
2020_02_17-00_00_12_17f474766.jpg,0
2020_02_17-00_00_12_17f886899.jpg,0
2020_02_17-00_00_12_18f265109.jpg,0
2020_02_17-00_00_12_18f670392.jpg,0
2020_02_17-00_00_12_19f046045.jpg,0
2020_02_17-00_00_12_19f436589.jpg,0
2020_02_17-00_00_12_19f867575.jpg,0
2020_02_17-00_00_12_20f263286.jpg,0
2020_02_17-00_00_12_20f671536.jpg,0
2020_02_17-00_00_12_21f072737.jpg,0
2020_02_17-00_00_12_21f471773.jpg,0
2020_02_17-00_00_12_21f873014.jpg,0
2020_02_17-00_00_12_22f275974.jpg,0
2020_02_17-00_00_12_22f663234.jpg,0
2020_02_17-00_00_12_23f075122.jpg,2
2020_02_17-00_00_12_23f448624.jpg,2
2020_02_17-00_00_12_23f878128.jpg,2
2020_02_17-00_00_12_24f273566.jpg,2
2020_02_17-00_00_12_24f642402.jpg,2
2020_02_17-00_00_12_25f043894.jpg,2
2020_02_17-00_00_12_25f443736.jpg,2
2020_02_17-00_00_12_25f855067.jpg,2
2020_02_17-00_00_12_26f269521.jpg,2
2020_02_17-00_00_12_26f635695.jpg,2
2020_02_17-00_00_12_27f077565.jpg,2
2020_02_17-00_00_12_27f448842.jpg,2
2020_02_17-00_00_12_27f879560.jpg,2
2020_02_17-00_00_12_28f244629.jpg,2
2020_02_17-00_00_12_28f633781.jpg,2
2020_02_17-00_00_12_29f048027.jpg,2
2020_02_17-00_00_12_29f473433.jpg,2
2020_02_17-00_00_12_29f865118.jpg,2
2020_02_17-00_00_12_30f274252.jpg,2
2020_02_17-00_00_12_30f648471.jpg,2
2020_02_17-00_00_12_31f074397.jpg,2
2020_02_17-00_00_12_31f473650.jpg,2
2020_02_17-00_00_12_31f879664.jpg,2
2020_02_17-00_00_12_32f236288.jpg,2
2020_02_17-00_00_12_32f678503.jpg,2
2020_02_17-00_00_12_33f074396.jpg,2
2020_02_17-00_00_12_33f473545.jpg,2
2020_02_17-00_00_12_33f883204.jpg,2
2020_02_17-00_00_12_34f273182.jpg,2
2020_02_17-00_00_12_34f644308.jpg,2
2020_02_17-00_00_12_35f034731.jpg,2
2020_02_17-00_00_12_35f440873.jpg,2
2020_02_17-00_00_12_35f840466.jpg,2
2020_02_17-00_00_12_36f250407.jpg,2
2020_02_17-00_00_12_36f689343.jpg,2
2020_02_17-00_00_12_37f055502.jpg,2
2020_02_17-00_00_12_37f463175.jpg,2
2020_02_17-00_00_12_37f856777.jpg,2
2020_02_17-00_00_12_38f273604.jpg,1
2020_02_17-00_00_12_38f669988.jpg,1
2020_02_17-00_00_12_39f048142.jpg,1
2020_02_17-00_00_12_39f444616.jpg,1
2020_02_17-00_00_12_39f874151.jpg,1
2020_02_17-00_00_12_40f274648.jpg,1
2020_02_17-00_00_12_40f641322.jpg,1
2020_02_17-00_00_12_41f026498.jpg,1
2020_02_17-00_00_12_41f472672.jpg,1
2020_02_17-00_00_12_41f875588.jpg,1
2020_02_17-00_00_12_42f240954.jpg,0
2020_02_17-00_00_12_42f650500.jpg,0
2020_02_17-00_00_12_43f074921.jpg,0
2020_02_17-00_00_12_43f436750.jpg,0
2020_02_17-00_00_12_43f855330.jpg,0
2020_02_17-00_00_12_44f279098.jpg,0
2020_02_17-00_00_12_44f624179.jpg,0
2020_02_17-00_00_12_45f096464.jpg,0
2020_02_17-00_00_12_45f445578.jpg,0
2020_02_17-00_00_12_45f867840.jpg,0
2020_02_17-00_00_12_46f280186.jpg,0
2020_02_17-00_00_12_46f654467.jpg,0
2020_02_17-00_00_12_47f027731.jpg,0
2020_02_17-00_00_12_47f484387.jpg,0
2020_02_17-00_00_12_47f867625.jpg,0
2020_02_17-00_00_12_48f279557.jpg,0
2020_02_17-00_00_12_48f634649.jpg,0
2020_02_17-00_00_12_49f065909.jpg,0
2020_02_17-00_00_12_49f454335.jpg,0
2020_02_17-00_00_12_49f849384.jpg,0
2020_02_17-00_00_12_50f252171.jpg,0
2020_02_17-00_00_12_50f669183.jpg,0
2020_02_17-00_00_12_51f027447.jpg,0
2020_02_17-00_00_12_51f470992.jpg,0
2020_02_17-00_00_12_51f833355.jpg,0
2020_02_17-00_00_12_52f236031.jpg,0
2020_02_17-00_00_12_52f677089.jpg,0
2020_02_17-00_00_12_53f031012.jpg,0
2020_02_17-00_00_12_53f428751.jpg,0
2020_02_17-00_00_12_53f868371.jpg,0
2020_02_17-00_00_12_54f251487.jpg,0
2020_02_17-00_00_12_54f639094.jpg,0
2020_02_17-00_00_12_55f075099.jpg,0
2020_02_17-00_00_12_55f469308.jpg,0
2020_02_17-00_00_12_55f875100.jpg,0
2020_02_17-00_00_12_56f290643.jpg,0
2020_02_17-00_00_12_56f653246.jpg,0
2020_02_17-00_00_12_57f047863.jpg,0
2020_02_17-00_00_12_57f480459.jpg,0
2020_02_17-00_00_12_57f824665.jpg,0
2020_02_17-00_00_12_58f272673.jpg,0
2020_02_17-00_00_12_58f680767.jpg,0
2020_02_17-00_00_12_59f080127.jpg,0
2020_02_17-00_00_12_59f443823.jpg,0
2020_02_17-00_00_12_59f856912.jpg,0
2020_02_17-00_00_13_00f274064.jpg,0
2020_02_17-00_00_13_00f690906.jpg,0
2020_02_17-00_00_13_01f074398.jpg,0
2020_02_17-00_00_13_01f463458.jpg,2
2020_02_17-00_00_13_01f843603.jpg,2
2020_02_17-00_00_13_02f253114.jpg,2
2020_02_17-00_00_13_02f674192.jpg,2
2020_02_17-00_00_13_03f082123.jpg,2
2020_02_17-00_00_13_03f475230.jpg,2
2020_02_17-00_00_13_03f867361.jpg,2
2020_02_17-00_00_13_04f258765.jpg,2
2020_02_17-00_00_13_04f670991.jpg,2
2020_02_17-00_00_13_05f031670.jpg,2
2020_02_17-00_00_13_05f581038.jpg,2
2020_02_17-00_00_13_05f858671.jpg,2
2020_02_17-00_00_13_06f256107.jpg,2
2020_02_17-00_00_13_06f636678.jpg,2
2020_02_17-00_00_13_07f033865.jpg,2
2020_02_17-00_00_13_07f445792.jpg,2
2020_02_17-00_00_13_07f835386.jpg,2
2020_02_17-00_00_13_08f230997.jpg,2
2020_02_17-00_00_13_08f645189.jpg,2
2020_02_17-00_00_13_09f076841.jpg,2
2020_02_17-00_00_13_09f461801.jpg,2
2020_02_17-00_00_13_09f847471.jpg,2
2020_02_17-00_00_13_10f257665.jpg,2
2020_02_17-00_00_13_10f688962.jpg,2
2020_02_17-00_00_13_11f088952.jpg,2
2020_02_17-00_00_13_11f436044.jpg,2
2020_02_17-00_00_13_11f851100.jpg,2
2020_02_17-00_00_13_12f268674.jpg,2
2020_02_17-00_00_13_12f656210.jpg,2
2020_02_17-00_00_13_13f044754.jpg,2
2020_02_17-00_00_13_13f460335.jpg,2
2020_02_17-00_00_13_13f840283.jpg,2
2020_02_17-00_00_13_14f235109.jpg,2
2020_02_17-00_00_13_14f711331.jpg,2
2020_02_17-00_00_13_15f073114.jpg,2
2020_02_17-00_00_13_15f442042.jpg,2
2020_02_17-00_00_13_15f887844.jpg,2
2020_02_17-00_00_13_16f245666.jpg,2
2020_02_17-00_00_13_16f641504.jpg,1
2020_02_17-00_00_13_17f048508.jpg,1
2020_02_17-00_00_13_17f460939.jpg,1
2020_02_17-00_00_13_17f840871.jpg,1
2020_02_17-00_00_13_18f229981.jpg,1
2020_02_17-00_00_13_18f655535.jpg,1
2020_02_17-00_00_13_19f043768.jpg,1
2020_02_17-00_00_13_19f441691.jpg,1
2020_02_17-00_00_13_19f852187.jpg,1
2020_02_17-00_00_13_20f242578.jpg,1
2020_02_17-00_00_13_20f642441.jpg,0
2020_02_17-00_00_13_21f052102.jpg,0
2020_02_17-00_00_13_21f456584.jpg,0
2020_02_17-00_00_13_21f836066.jpg,0
2020_02_17-00_00_13_22f237525.jpg,0
2020_02_17-00_00_13_22f639279.jpg,0
2020_02_17-00_00_13_23f055031.jpg,0
2020_02_17-00_00_13_23f437988.jpg,0
2020_02_17-00_00_13_23f855002.jpg,0
2020_02_17-00_00_13_24f266553.jpg,0
2020_02_17-00_00_13_24f635297.jpg,0
2020_02_17-00_00_13_25f090327.jpg,0
2020_02_17-00_00_13_25f440990.jpg,0
2020_02_17-00_00_13_25f842864.jpg,0
2020_02_17-00_00_13_26f279403.jpg,0
2020_02_17-00_00_13_26f703649.jpg,0
2020_02_17-00_00_13_27f069483.jpg,0
2020_02_17-00_00_13_27f527709.jpg,0
2020_02_17-00_00_13_27f948457.jpg,0
2020_02_17-00_00_13_28f333449.jpg,0
2020_02_17-00_00_13_28f717958.jpg,0
2020_02_17-00_00_13_29f113762.jpg,0
2020_02_17-00_00_13_29f540462.jpg,0
2020_02_17-00_00_13_29f950484.jpg,0
2020_02_17-00_00_13_30f377288.jpg,0
2020_02_17-00_00_13_30f755605.jpg,0
2020_02_17-00_00_13_31f156744.jpg,0
2020_02_17-00_00_13_31f544336.jpg,0
2020_02_17-00_00_13_31f970424.jpg,0
2020_02_17-00_00_13_32f333951.jpg,0
2020_02_17-00_00_13_32f729848.jpg,0
2020_02_17-00_00_13_33f180284.jpg,0
2020_02_17-00_00_13_33f555917.jpg,0
2020_02_17-00_00_13_33f959702.jpg,0
2020_02_17-00_00_13_34f362264.jpg,0
2020_02_17-00_00_13_34f759136.jpg,0
2020_02_17-00_00_13_35f079618.jpg,0
2020_02_17-00_00_13_35f440563.jpg,0
2020_02_17-00_00_13_35f878243.jpg,0
2020_02_17-00_00_13_36f239941.jpg,0
2020_02_17-00_00_13_36f640638.jpg,0
2020_02_17-00_00_13_37f077086.jpg,0
2020_02_17-00_00_13_37f440438.jpg,0
2020_02_17-00_00_13_37f840304.jpg,0
2020_02_17-00_00_13_38f227355.jpg,0
2020_02_17-00_00_13_38f626569.jpg,0
2020_02_17-00_00_13_39f100781.jpg,0
2020_02_17-00_00_13_39f490799.jpg,0
2020_02_17-00_00_13_39f851244.jpg,0
2020_02_17-00_00_13_40f283673.jpg,2
2020_02_17-00_00_13_40f697159.jpg,2
2020_02_17-00_00_13_41f095030.jpg,2
2020_02_17-00_00_13_41f443020.jpg,2
2020_02_17-00_00_13_41f830244.jpg,2
2020_02_17-00_00_13_42f230272.jpg,2
2020_02_17-00_00_13_42f673340.jpg,2
2020_02_17-00_00_13_43f090559.jpg,2
2020_02_17-00_00_13_43f468972.jpg,2
2020_02_17-00_00_13_43f885240.jpg,2
2020_02_17-00_00_13_44f265721.jpg,2
2020_02_17-00_00_13_44f634405.jpg,2
2020_02_17-00_00_13_45f058200.jpg,2
2020_02_17-00_00_13_45f483853.jpg,2
2020_02_17-00_00_13_45f851255.jpg,2
2020_02_17-00_00_13_46f244465.jpg,2
2020_02_17-00_00_13_46f630028.jpg,2
2020_02_17-00_00_13_47f080337.jpg,2
2020_02_17-00_00_13_47f498189.jpg,2
2020_02_17-00_00_13_47f844147.jpg,2
2020_02_17-00_00_13_48f251950.jpg,2
2020_02_17-00_00_13_48f642711.jpg,2
2020_02_17-00_00_13_49f042341.jpg,2
2020_02_17-00_00_13_49f436319.jpg,2
2020_02_17-00_00_13_49f848704.jpg,2
2020_02_17-00_00_13_50f255477.jpg,2
2020_02_17-00_00_13_50f647877.jpg,2
2020_02_17-00_00_13_51f059497.jpg,2
2020_02_17-00_00_13_51f485462.jpg,2
2020_02_17-00_00_13_51f870657.jpg,2
2020_02_17-00_00_13_52f297726.jpg,2
2020_02_17-00_00_13_52f674293.jpg,2
2020_02_17-00_00_13_53f050865.jpg,2
2020_02_17-00_00_13_53f443920.jpg,2
2020_02_17-00_00_13_53f841803.jpg,2
2020_02_17-00_00_13_54f252102.jpg,2
2020_02_17-00_00_13_54f640182.jpg,2
2020_02_17-00_00_13_55f058050.jpg,2
2020_02_17-00_00_13_55f473332.jpg,1
2020_02_17-00_00_13_55f842995.jpg,1
2020_02_17-00_00_13_56f273547.jpg,1
2020_02_17-00_00_13_56f623562.jpg,1
2020_02_17-00_00_13_57f059704.jpg,1
2020_02_17-00_00_13_57f479340.jpg,1
2020_02_17-00_00_13_57f880340.jpg,1
2020_02_17-00_00_13_58f271848.jpg,1
2020_02_17-00_00_13_58f673701.jpg,1
2020_02_17-00_00_13_59f093620.jpg,1
2020_02_17-00_00_13_59f423277.jpg,0
2020_02_17-00_00_13_59f865057.jpg,0
2020_02_17-00_00_14_00f271892.jpg,0
2020_02_17-00_00_14_00f688773.jpg,0
2020_02_17-00_00_14_01f046122.jpg,0
2020_02_17-00_00_14_01f432175.jpg,0
2020_02_17-00_00_14_01f825263.jpg,0
2020_02_17-00_00_14_02f262818.jpg,0
2020_02_17-00_00_14_02f637792.jpg,0
2020_02_17-00_00_14_03f083423.jpg,0
2020_02_17-00_00_14_03f467508.jpg,0
2020_02_17-00_00_14_03f866966.jpg,0
2020_02_17-00_00_14_04f272431.jpg,0
2020_02_17-00_00_14_04f649310.jpg,0
2020_02_17-00_00_14_05f043047.jpg,0
2020_02_17-00_00_14_05f490755.jpg,0
2020_02_17-00_00_14_05f866703.jpg,0
2020_02_17-00_00_14_06f262036.jpg,0
2020_02_17-00_00_14_06f659932.jpg,0
2020_02_17-00_00_14_07f065776.jpg,0
2020_02_17-00_00_14_07f434730.jpg,0
2020_02_17-00_00_14_07f840767.jpg,0
2020_02_17-00_00_14_08f271365.jpg,0
2020_02_17-00_00_14_08f668187.jpg,0
2020_02_17-00_00_14_09f078075.jpg,0
2020_02_17-00_00_14_09f470289.jpg,0
2020_02_17-00_00_14_09f855695.jpg,0
2020_02_17-00_00_14_10f269533.jpg,0
2020_02_17-00_00_14_10f678141.jpg,0
2020_02_17-00_00_14_11f067538.jpg,0
2020_02_17-00_00_14_11f476572.jpg,0
2020_02_17-00_00_14_11f875007.jpg,0
2020_02_17-00_00_14_12f247309.jpg,0
2020_02_17-00_00_14_12f639684.jpg,0
2020_02_17-00_00_14_13f058778.jpg,0
2020_02_17-00_00_14_13f461358.jpg,0
2020_02_17-00_00_14_13f874950.jpg,0
2020_02_17-00_00_14_14f273102.jpg,0
2020_02_17-00_00_14_14f672249.jpg,0
2020_02_17-00_00_14_15f069954.jpg,0
2020_02_17-00_00_14_15f469165.jpg,0
2020_02_17-00_00_14_15f868142.jpg,0
2020_02_17-00_00_14_16f269353.jpg,0
2020_02_17-00_00_14_16f641970.jpg,0
2020_02_17-00_00_14_17f060736.jpg,0
2020_02_17-00_00_14_17f483501.jpg,0
2020_02_17-00_00_14_17f900440.jpg,0
2020_02_17-00_00_14_18f268470.jpg,0
2020_02_17-00_00_14_18f662833.jpg,2
2020_02_17-00_00_14_19f049343.jpg,2
2020_02_17-00_00_14_19f428716.jpg,2
2020_02_17-00_00_14_19f872550.jpg,2
2020_02_17-00_00_14_20f248563.jpg,2
2020_02_17-00_00_14_20f644734.jpg,2
2020_02_17-00_00_14_21f049253.jpg,2
2020_02_17-00_00_14_21f449696.jpg,2
2020_02_17-00_00_14_21f842952.jpg,2
2020_02_17-00_00_14_22f244680.jpg,2
2020_02_17-00_00_14_22f683303.jpg,2
2020_02_17-00_00_14_23f048379.jpg,2
2020_02_17-00_00_14_23f496601.jpg,2
2020_02_17-00_00_14_23f828057.jpg,2
2020_02_17-00_00_14_24f272606.jpg,2
2020_02_17-00_00_14_24f679957.jpg,2
2020_02_17-00_00_14_25f077661.jpg,2
2020_02_17-00_00_14_25f446288.jpg,2
2020_02_17-00_00_14_25f884899.jpg,2
2020_02_17-00_00_14_26f238852.jpg,2
2020_02_17-00_00_14_26f666668.jpg,2
2020_02_17-00_00_14_27f044239.jpg,2
2020_02_17-00_00_14_27f444379.jpg,2
2020_02_17-00_00_14_27f878519.jpg,2
2020_02_17-00_00_14_28f237212.jpg,2
2020_02_17-00_00_14_28f674582.jpg,2
2020_02_17-00_00_14_29f079565.jpg,2
2020_02_17-00_00_14_29f472883.jpg,2
2020_02_17-00_00_14_29f850859.jpg,2
2020_02_17-00_00_14_30f280585.jpg,2
2020_02_17-00_00_14_30f628013.jpg,2
2020_02_17-00_00_14_31f065544.jpg,2
2020_02_17-00_00_14_31f475003.jpg,2
2020_02_17-00_00_14_31f889968.jpg,2
2020_02_17-00_00_14_32f276403.jpg,2
2020_02_17-00_00_14_32f681192.jpg,2
2020_02_17-00_00_14_33f073655.jpg,2
2020_02_17-00_00_14_33f451821.jpg,2
2020_02_17-00_00_14_33f870509.jpg,1
2020_02_17-00_00_14_34f262164.jpg,1
2020_02_17-00_00_14_34f650026.jpg,1
2020_02_17-00_00_14_35f071549.jpg,1
2020_02_17-00_00_14_35f454420.jpg,1
2020_02_17-00_00_14_35f855744.jpg,1
2020_02_17-00_00_14_36f277436.jpg,1
2020_02_17-00_00_14_37f449606.jpg,1
2020_02_17-00_00_14_37f463944.jpg,1
2020_02_17-00_00_14_37f500958.jpg,1
2020_02_17-00_00_14_37f876807.jpg,0
2020_02_17-00_00_14_38f276540.jpg,0
2020_02_17-00_00_14_38f679171.jpg,0
2020_02_17-00_00_14_39f100279.jpg,0
2020_02_17-00_00_14_39f481472.jpg,0
2020_02_17-00_00_14_39f879029.jpg,0
2020_02_17-00_00_14_40f281091.jpg,0
2020_02_17-00_00_14_40f682605.jpg,0
2020_02_17-00_00_14_41f072681.jpg,0
2020_02_17-00_00_14_41f492926.jpg,0
2020_02_17-00_00_14_41f847746.jpg,0
2020_02_17-00_00_14_42f284368.jpg,0
2020_02_17-00_00_14_42f648479.jpg,0
2020_02_17-00_00_14_43f039203.jpg,0
2020_02_17-00_00_14_43f460343.jpg,0
2020_02_17-00_00_14_43f893405.jpg,0
2020_02_17-00_00_14_44f297989.jpg,0
2020_02_17-00_00_14_44f690970.jpg,0
2020_02_17-00_00_14_45f087384.jpg,0
2020_02_17-00_00_14_45f457540.jpg,0
2020_02_17-00_00_14_45f834378.jpg,0
2020_02_17-00_00_14_46f234800.jpg,0
2020_02_17-00_00_14_46f672183.jpg,0
2020_02_17-00_00_14_47f052195.jpg,0
2020_02_17-00_00_14_47f449987.jpg,0
2020_02_17-00_00_14_47f863078.jpg,0
2020_02_17-00_00_14_48f263942.jpg,0
2020_02_17-00_00_14_48f656928.jpg,0
2020_02_17-00_00_14_49f044841.jpg,0
2020_02_17-00_00_14_49f468139.jpg,0
2020_02_17-00_00_14_49f865418.jpg,0
2020_02_17-00_00_14_50f267516.jpg,0
2020_02_17-00_00_14_50f680405.jpg,0
2020_02_17-00_00_14_51f055961.jpg,0
2020_02_17-00_00_14_51f458119.jpg,0
2020_02_17-00_00_14_51f908698.jpg,0
2020_02_17-00_00_14_52f240242.jpg,0
2020_02_17-00_00_14_52f657496.jpg,0
2020_02_17-00_00_14_53f078033.jpg,0
2020_02_17-00_00_14_53f519266.jpg,0
2020_02_17-00_00_14_53f861417.jpg,0
2020_02_17-00_00_14_54f261100.jpg,0
2020_02_17-00_00_14_54f650586.jpg,0
2020_02_17-00_00_14_55f047428.jpg,0
2020_02_17-00_00_14_55f453079.jpg,0
2020_02_17-00_00_14_55f852168.jpg,0
2020_02_17-00_00_14_56f286777.jpg,0
2020_02_17-00_00_14_56f682061.jpg,0
2020_02_17-00_00_14_57f066741.jpg,0
2020_02_17-00_00_14_57f453838.jpg,2
2020_02_17-00_00_14_57f834743.jpg,2
2020_02_17-00_00_14_58f293586.jpg,2
2020_02_17-00_00_14_58f660922.jpg,2
2020_02_17-00_00_14_59f087858.jpg,2
2020_02_17-00_00_14_59f459042.jpg,2
2020_02_17-00_00_14_59f897137.jpg,2
2020_02_17-00_00_15_00f257316.jpg,2
2020_02_17-00_00_15_00f684954.jpg,2
2020_02_17-00_00_15_01f052180.jpg,2
2020_02_17-00_00_15_01f435380.jpg,2
2020_02_17-00_00_15_01f851071.jpg,2
2020_02_17-00_00_15_02f281034.jpg,2
2020_02_17-00_00_15_02f664400.jpg,2
2020_02_17-00_00_15_03f048600.jpg,2
2020_02_17-00_00_15_03f463700.jpg,2
2020_02_17-00_00_15_03f848312.jpg,2
2020_02_17-00_00_15_04f263602.jpg,2
2020_02_17-00_00_15_04f654905.jpg,2
2020_02_17-00_00_15_05f048713.jpg,2
2020_02_17-00_00_15_05f491370.jpg,2
2020_02_17-00_00_15_05f864247.jpg,2
2020_02_17-00_00_15_06f260391.jpg,2
2020_02_17-00_00_15_06f648519.jpg,2
2020_02_17-00_00_15_07f070113.jpg,2
2020_02_17-00_00_15_07f432207.jpg,2
2020_02_17-00_00_15_07f875723.jpg,2
2020_02_17-00_00_15_08f291844.jpg,2
2020_02_17-00_00_15_08f635944.jpg,2
2020_02_17-00_00_15_09f091396.jpg,2
2020_02_17-00_00_15_09f444352.jpg,2
2020_02_17-00_00_15_09f895978.jpg,2
2020_02_17-00_00_15_10f244474.jpg,2
2020_02_17-00_00_15_10f679944.jpg,2
2020_02_17-00_00_15_11f069121.jpg,2
2020_02_17-00_00_15_11f442921.jpg,2
2020_02_17-00_00_15_11f863170.jpg,2
2020_02_17-00_00_15_14f255333.jpg,1
2020_02_17-00_00_15_14f272618.jpg,1
2020_02_17-00_00_15_14f284549.jpg,1
2020_02_17-00_00_15_14f300546.jpg,1
2020_02_17-00_00_15_14f312721.jpg,1
2020_02_17-00_00_15_14f321457.jpg,1
2020_02_17-00_00_15_14f672900.jpg,1
2020_02_17-00_00_15_15f031288.jpg,1
2020_02_17-00_00_15_15f457761.jpg,1
2020_02_17-00_00_15_15f858807.jpg,1
2020_02_17-00_00_15_16f247007.jpg,1
2020_02_17-00_00_15_16f643707.jpg,0
2020_02_17-00_00_15_17f057138.jpg,0
2020_02_17-00_00_15_17f468286.jpg,0
2020_02_17-00_00_15_17f838761.jpg,0
2020_02_17-00_00_15_18f259474.jpg,0
2020_02_17-00_00_15_18f660922.jpg,0
2020_02_17-00_00_15_19f047750.jpg,0
2020_02_17-00_00_15_19f441158.jpg,0
2020_02_17-00_00_15_19f854826.jpg,0
2020_02_17-00_00_15_20f256414.jpg,0
2020_02_17-00_00_15_20f655615.jpg,0
2020_02_17-00_00_15_21f056533.jpg,0
2020_02_17-00_00_15_21f441008.jpg,0
2020_02_17-00_00_15_21f897541.jpg,0
2020_02_17-00_00_15_22f308385.jpg,0
2020_02_17-00_00_15_22f653982.jpg,0
2020_02_17-00_00_15_23f068164.jpg,0
2020_02_17-00_00_15_23f455791.jpg,0
2020_02_17-00_00_15_23f896935.jpg,0
2020_02_17-00_00_15_24f289637.jpg,0
2020_02_17-00_00_15_24f657491.jpg,0
2020_02_17-00_00_15_25f056999.jpg,0
2020_02_17-00_00_15_25f457574.jpg,0
2020_02_17-00_00_15_25f838250.jpg,0
2020_02_17-00_00_15_26f254112.jpg,0
2020_02_17-00_00_15_26f715698.jpg,0
2020_02_17-00_00_15_27f067667.jpg,0
2020_02_17-00_00_15_27f460454.jpg,0
2020_02_17-00_00_15_27f876343.jpg,0
2020_02_17-00_00_15_28f269085.jpg,0
2020_02_17-00_00_15_28f715600.jpg,0
2020_02_17-00_00_15_29f061614.jpg,0
2020_02_17-00_00_15_29f455782.jpg,0
2020_02_17-00_00_15_29f862931.jpg,0
2020_02_17-00_00_15_30f266060.jpg,0
2020_02_17-00_00_15_30f680124.jpg,0
2020_02_17-00_00_15_31f052348.jpg,0
2020_02_17-00_00_15_31f460850.jpg,0
2020_02_17-00_00_15_31f867651.jpg,0
2020_02_17-00_00_15_32f312877.jpg,0
2020_02_17-00_00_15_32f667782.jpg,0
2020_02_17-00_00_15_33f053192.jpg,0
2020_02_17-00_00_15_33f455025.jpg,0
2020_02_17-00_00_15_33f906628.jpg,0
2020_02_17-00_00_15_34f273276.jpg,0
2020_02_17-00_00_15_34f716645.jpg,0
2020_02_17-00_00_15_35f061606.jpg,0
2020_02_17-00_00_15_35f492032.jpg,0
2020_02_17-00_00_15_35f859860.jpg,0
2020_02_17-00_00_15_36f283108.jpg,2
2020_02_17-00_00_15_36f661325.jpg,2
2020_02_17-00_00_15_37f057525.jpg,2
2020_02_17-00_00_15_37f469663.jpg,2
2020_02_17-00_00_15_37f871782.jpg,2
2020_02_17-00_00_15_38f266580.jpg,2
2020_02_17-00_00_15_38f668061.jpg,2
2020_02_17-00_00_15_39f060851.jpg,2
2020_02_17-00_00_15_39f482553.jpg,2
2020_02_17-00_00_15_39f879412.jpg,2
2020_02_17-00_00_15_40f255339.jpg,2
2020_02_17-00_00_15_40f666362.jpg,2
2020_02_17-00_00_15_41f072715.jpg,2
2020_02_17-00_00_15_41f468143.jpg,2
2020_02_17-00_00_15_41f860217.jpg,2
2020_02_17-00_00_15_42f249058.jpg,2
2020_02_17-00_00_15_42f714189.jpg,2
2020_02_17-00_00_15_43f055342.jpg,2
2020_02_17-00_00_15_43f476543.jpg,2
2020_02_17-00_00_15_43f865419.jpg,2
2020_02_17-00_00_15_44f281368.jpg,2
2020_02_17-00_00_15_44f671373.jpg,2
2020_02_17-00_00_15_45f064969.jpg,2
2020_02_17-00_00_15_45f465981.jpg,2
2020_02_17-00_00_15_45f854230.jpg,2
2020_02_17-00_00_15_46f266941.jpg,2
2020_02_17-00_00_15_46f700133.jpg,2
2020_02_17-00_00_15_47f068381.jpg,2
2020_02_17-00_00_15_47f468262.jpg,2
2020_02_17-00_00_15_47f879699.jpg,2
2020_02_17-00_00_15_48f263391.jpg,2
2020_02_17-00_00_15_48f638593.jpg,2
2020_02_17-00_00_15_49f071213.jpg,2
2020_02_17-00_00_15_49f472760.jpg,2
2020_02_17-00_00_15_49f836257.jpg,2
2020_02_17-00_00_15_50f238323.jpg,2
2020_02_17-00_00_15_50f639386.jpg,2
2020_02_17-00_00_15_51f082263.jpg,1
2020_02_17-00_00_15_51f428584.jpg,1
2020_02_17-00_00_15_51f833583.jpg,1
2020_02_17-00_00_15_52f233613.jpg,1
2020_02_17-00_00_15_52f662452.jpg,1
2020_02_17-00_00_15_53f062163.jpg,1
2020_02_17-00_00_15_53f474556.jpg,1
2020_02_17-00_00_15_53f853549.jpg,1
2020_02_17-00_00_15_54f264758.jpg,1
2020_02_17-00_00_15_54f638813.jpg,1
2020_02_17-00_00_15_55f067127.jpg,0
2020_02_17-00_00_15_55f466486.jpg,0
2020_02_17-00_00_15_55f849894.jpg,0
2020_02_17-00_00_15_56f220222.jpg,0
2020_02_17-00_00_15_56f644515.jpg,0
2020_02_17-00_00_15_57f043798.jpg,0
2020_02_17-00_00_15_57f432251.jpg,0
2020_02_17-00_00_15_57f834019.jpg,0
2020_02_17-00_00_15_58f238994.jpg,0
2020_02_17-00_00_15_58f625179.jpg,0
2020_02_17-00_00_15_59f050061.jpg,0
2020_02_17-00_00_15_59f452792.jpg,0
2020_02_17-00_00_15_59f857993.jpg,0
2020_02_17-00_00_16_00f240175.jpg,0
2020_02_17-00_00_16_00f938614.jpg,0
2020_02_17-00_00_16_01f216401.jpg,0
2020_02_17-00_00_16_01f586416.jpg,0
2020_02_17-00_00_16_02f014922.jpg,0
2020_02_17-00_00_16_02f443824.jpg,0
2020_02_17-00_00_16_02f835339.jpg,0
2020_02_17-00_00_16_03f221865.jpg,0
2020_02_17-00_00_16_03f621096.jpg,0
2020_02_17-00_00_16_04f020522.jpg,0
2020_02_17-00_00_16_04f387243.jpg,0
2020_02_17-00_00_16_04f822370.jpg,0
2020_02_17-00_00_16_05f217498.jpg,0
2020_02_17-00_00_16_05f628371.jpg,0
2020_02_17-00_00_16_06f009891.jpg,0
2020_02_17-00_00_16_06f398467.jpg,0
2020_02_17-00_00_16_06f835343.jpg,0
2020_02_17-00_00_16_07f231183.jpg,0
2020_02_17-00_00_16_07f633501.jpg,0
2020_02_17-00_00_16_08f021775.jpg,0
2020_02_17-00_00_16_08f425540.jpg,0
2020_02_17-00_00_16_08f835870.jpg,0
2020_02_17-00_00_16_09f205563.jpg,0
2020_02_17-00_00_16_09f619531.jpg,0
2020_02_17-00_00_16_10f011619.jpg,0
2020_02_17-00_00_16_10f433815.jpg,0
2020_02_17-00_00_16_10f806561.jpg,0
2020_02_17-00_00_16_11f254084.jpg,0
2020_02_17-00_00_16_11f613892.jpg,0
2020_02_17-00_00_16_12f018500.jpg,0
2020_02_17-00_00_16_12f430497.jpg,0
2020_02_17-00_00_16_12f836440.jpg,0
2020_02_17-00_00_16_13f214276.jpg,0
2020_02_17-00_00_16_13f621131.jpg,0
2020_02_17-00_00_16_14f013253.jpg,0
2020_02_17-00_00_16_14f428458.jpg,0
2020_02_17-00_00_16_14f815642.jpg,2
2020_02_17-00_00_16_15f210008.jpg,2
2020_02_17-00_00_16_15f653481.jpg,2
2020_02_17-00_00_16_16f025745.jpg,2
2020_02_17-00_00_16_16f428928.jpg,2
2020_02_17-00_00_16_16f815800.jpg,2
2020_02_17-00_00_16_17f210172.jpg,2
2020_02_17-00_00_16_17f605969.jpg,2
2020_02_17-00_00_16_18f002920.jpg,2
2020_02_17-00_00_16_18f413982.jpg,2
2020_02_17-00_00_16_18f821328.jpg,2
2020_02_17-00_00_16_19f222917.jpg,2
2020_02_17-00_00_16_19f621542.jpg,2
2020_02_17-00_00_16_19f986914.jpg,2
2020_02_17-00_00_16_20f423420.jpg,2
2020_02_17-00_00_16_20f807155.jpg,2
2020_02_17-00_00_16_21f221806.jpg,2
2020_02_17-00_00_16_21f611867.jpg,2
2020_02_17-00_00_16_22f025913.jpg,2
2020_02_17-00_00_16_22f437925.jpg,2
2020_02_17-00_00_16_22f821080.jpg,2
2020_02_17-00_00_16_23f213133.jpg,2
